,Id,SalePrice
0,1461,11765300.0
1,1462,814181.5625
2,1463,13154602.0
3,1464,12752657.0
4,1465,11500532.0
5,1466,13321842.0
6,1467,11171977.0
7,1468,12997180.0
8,1469,11794483.0
9,1470,11694164.0
10,1471,11246473.0
11,1472,11308214.0
12,1473,11245426.0
13,1474,11990980.0
14,1475,11856876.0
15,1476,11978937.0
16,1477,11474563.0
17,1478,10180355.0
18,1479,11191010.0
19,1480,7527068.0
20,1481,11530013.0
21,1482,11316544.0
22,1483,13028655.0
23,1484,11598799.0
24,1485,13586957.0
25,1486,13054513.0
26,1487,12549648.0
27,1488,10991945.0
28,1489,12161004.0
29,1490,11428668.0
30,1491,13146952.0
31,1492,12188181.0
32,1493,7152059.5
33,1494,6347898.5
34,1495,11661952.0
35,1496,10843278.0
36,1497,12557784.0
37,1498,12371398.0
38,1499,12312126.0
39,1500,12046486.0
40,1501,9637499.0
41,1502,12710605.0
42,1503,11861452.0
43,1504,12570341.0
44,1505,11309123.0
45,1506,10748631.0
46,1507,12425050.0
47,1508,12831413.0
48,1509,12791775.0
49,1510,11358528.0
50,1511,11717601.0
51,1512,10629125.0
52,1513,12720344.0
53,1514,10875818.0
54,1515,10419562.0
55,1516,12570389.0
56,1517,10090501.0
57,1518,11339675.0
58,1519,9682707.0
59,1520,10366853.0
60,1521,11604628.0
61,1522,10280807.0
62,1523,12661974.0
63,1524,12239293.0
64,1525,12324137.0
65,1526,12777093.0
66,1527,12016502.0
67,1528,11445361.0
68,1529,9713960.0
69,1530,9579562.0
70,1531,9811735.0
71,1532,11467758.0
72,1533,5651611.0
73,1534,12338184.0
74,1535,12504432.0
75,1536,11964120.0
76,1537,12428867.0
77,1538,12481796.0
78,1539,12367722.0
79,1540,12668191.0
80,1541,12689651.0
81,1542,11799669.0
82,1543,12016602.0
83,1544,11910852.0
84,1545,12422900.0
85,1546,12176896.0
86,1547,10480042.0
87,1548,12404717.0
88,1549,12658463.0
89,1550,12049805.0
90,1551,11301911.0
91,1552,12678030.0
92,1553,13219180.0
93,1554,12229078.0
94,1555,11548852.0
95,1556,12932958.0
96,1557,11753257.0
97,1558,12466752.0
98,1559,12335216.0
99,1560,12104300.0
100,1561,10907315.0
101,1562,9466956.0
102,1563,12084970.0
103,1564,11221283.0
104,1565,10773365.0
105,1566,12484110.0
106,1567,12553390.0
107,1568,12494788.0
108,1569,9209763.0
109,1570,10258997.0
110,1571,13460702.0
111,1572,11710727.0
112,1573,11899715.0
113,1574,12102114.0
114,1575,11169106.0
115,1576,12798582.0
116,1577,11709029.0
117,1578,13157371.0
118,1579,12479348.0
119,1580,12888762.0
120,1581,9099143.0
121,1582,12138874.0
122,1583,9785219.0
123,1584,12939503.0
124,1585,11591124.0
125,1586,12773309.0
126,1587,12312153.0
127,1588,11751991.0
128,1589,13050980.0
129,1590,11756978.0
130,1591,12016558.0
131,1592,10663849.0
132,1593,12173632.0
133,1594,12830874.0
134,1595,12757450.0
135,1596,9975137.0
136,1597,12214103.0
137,1598,14013233.0
138,1599,11567181.0
139,1600,11555166.0
140,1601,12582821.0
141,1602,12593943.0
142,1603,12050996.0
143,1604,10052156.0
144,1605,12836180.0
145,1606,11743758.0
146,1607,11267364.0
147,1608,12103936.0
148,1609,12203758.0
149,1610,13340110.0
150,1611,12607844.0
151,1612,11922101.0
152,1613,12222987.0
153,1614,11402094.0
154,1615,12421018.0
155,1616,12524077.0
156,1617,12429123.0
157,1618,12039507.0
158,1619,9729550.0
159,1620,11955896.0
160,1621,13271591.0
161,1622,12846730.0
162,1623,9288191.0
163,1624,12649973.0
164,1625,12664611.0
165,1626,10461127.0
166,1627,12704398.0
167,1628,12623793.0
168,1629,12185717.0
169,1630,9421041.0
170,1631,11510372.0
171,1632,11054596.0
172,1633,13098890.0
173,1634,12494290.0
174,1635,13010692.0
175,1636,11774266.0
176,1637,12718218.0
177,1638,12490504.0
178,1639,11230516.0
179,1640,11814978.0
180,1641,10952261.0
181,1642,12434916.0
182,1643,12579722.0
183,1644,11252254.0
184,1645,9670280.0
185,1646,11485202.0
186,1647,12056379.0
187,1648,11882723.0
188,1649,11557871.0
189,1650,12015619.0
190,1651,12387429.0
191,1652,11273401.0
192,1653,9883251.0
193,1654,12208204.0
194,1655,7951927.5
195,1656,12033043.0
196,1657,12210874.0
197,1658,12081330.0
198,1659,11662424.0
199,1660,10501559.0
200,1661,10188052.0
201,1662,12649124.0
202,1663,9823507.0
203,1664,8700822.0
204,1665,10950355.0
205,1666,11108674.0
206,1667,13350190.0
207,1668,10484067.0
208,1669,11211099.0
209,1670,10704366.0
210,1671,10310452.0
211,1672,8632837.0
212,1673,12989980.0
213,1674,10689411.0
214,1675,10883963.0
215,1676,10975354.0
216,1677,11449142.0
217,1678,8478751.0
218,1679,9737548.0
219,1680,10007302.0
220,1681,10353256.0
221,1682,11252991.0
222,1683,10899781.0
223,1684,13420946.0
224,1685,13173045.0
225,1686,11480016.0
226,1687,13271537.0
227,1688,12416448.0
228,1689,13184768.0
229,1690,12840610.0
230,1691,12947024.0
231,1692,13135909.0
232,1693,12584028.0
233,1694,12714507.0
234,1695,13011674.0
235,1696,12593992.0
236,1697,13032544.0
237,1698,12056371.0
238,1699,1429664.25
239,1700,11833394.0
240,1701,11796968.0
241,1702,11103846.0
242,1703,10909890.0
243,1704,10451519.0
244,1705,11196390.0
245,1706,9291868.0
246,1707,11460260.0
247,1708,11808857.0
248,1709,11823002.0
249,1710,11025153.0
250,1711,12707498.0
251,1712,10398453.0
252,1713,11161780.0
253,1714,9322136.0
254,1715,12887662.0
255,1716,12183813.0
256,1717,12019558.0
257,1718,12005895.0
258,1719,13320890.0
259,1720,6910213.5
260,1721,12706455.0
261,1722,12696070.0
262,1723,12322842.0
263,1724,11213935.0
264,1725,12841274.0
265,1726,10934273.0
266,1727,11744172.0
267,1728,9885730.0
268,1729,12868107.0
269,1730,12967211.0
270,1731,7586030.5
271,1732,12182983.0
272,1733,12173372.0
273,1734,12090007.0
274,1735,12024074.0
275,1736,8736473.0
276,1737,10201332.0
277,1738,11292706.0
278,1739,12067008.0
279,1740,10212557.0
280,1741,10707273.0
281,1742,11147563.0
282,1743,11995120.0
283,1744,9665212.0
284,1745,11986628.0
285,1746,11905524.0
286,1747,12401694.0
287,1748,12175926.0
288,1749,9946488.0
289,1750,11161997.0
290,1751,12147648.0
291,1752,12024984.0
292,1753,11515852.0
293,1754,11775173.0
294,1755,11180297.0
295,1756,11962374.0
296,1757,12201158.0
297,1758,11146434.0
298,1759,10264387.0
299,1760,8385834.5
300,1761,11368215.0
301,1762,13082307.0
302,1763,11409241.0
303,1764,10966319.0
304,1765,10975354.0
305,1766,11332295.0
306,1767,11087475.0
307,1768,11306806.0
308,1769,11643678.0
309,1770,12016918.0
310,1771,10656101.0
311,1772,8919609.0
312,1773,8014587.5
313,1774,9505989.0
314,1775,11637860.0
315,1776,12487312.0
316,1777,12211738.0
317,1778,11642546.0
318,1779,11838107.0
319,1780,12944870.0
320,1781,11840288.0
321,1782,12144435.0
322,1783,13185403.0
323,1784,12561075.0
324,1785,12146997.0
325,1786,16124958.0
326,1787,12378520.0
327,1788,12427792.0
328,1789,12528842.0
329,1790,12553448.0
330,1791,11554487.0
331,1792,11001466.0
332,1793,11876822.0
333,1794,11471183.0
334,1795,11725024.0
335,1796,12001771.0
336,1797,12452329.0
337,1798,11988249.0
338,1799,11618985.0
339,1800,11367222.0
340,1801,12957406.0
341,1802,13757057.0
342,1803,11569307.0
343,1804,11829618.0
344,1805,11793908.0
345,1806,12033129.0
346,1807,12550503.0
347,1808,13419680.0
348,1809,12918147.0
349,1810,12325624.0
350,1811,12340758.0
351,1812,12794431.0
352,1813,12344691.0
353,1814,12109168.0
354,1815,12477297.0
355,1816,12354409.0
356,1817,12740137.0
357,1818,12322694.0
358,1819,12276946.0
359,1820,11711157.0
360,1821,13415739.0
361,1822,12823385.0
362,1823,12444278.0
363,1824,11267152.0
364,1825,12124811.0
365,1826,11096420.0
366,1827,11732897.0
367,1828,12032516.0
368,1829,11893025.0
369,1830,12259832.0
370,1831,11797557.0
371,1832,11841197.0
372,1833,11957588.0
373,1834,12464605.0
374,1835,11731539.0
375,1836,11604719.0
376,1837,11309748.0
377,1838,11514560.0
378,1839,12072080.0
379,1840,11913390.0
380,1841,11943153.0
381,1842,12923592.0
382,1843,11912423.0
383,1844,12115156.0
384,1845,14625126.0
385,1846,12510732.0
386,1847,10789639.0
387,1848,12805370.0
388,1849,12635397.0
389,1850,12089594.0
390,1851,12679774.0
391,1852,11866806.0
392,1853,9101814.0
393,1854,10808898.0
394,1855,9843355.0
395,1856,12741008.0
396,1857,14058824.0
397,1858,12705819.0
398,1859,11614595.0
399,1860,10960298.0
400,1861,11642587.0
401,1862,13010519.0
402,1863,12570395.0
403,1864,12574549.0
404,1865,10753435.0
405,1866,10324896.0
406,1867,11773630.0
407,1868,10156522.0
408,1869,11432288.0
409,1870,11598516.0
410,1871,11799025.0
411,1872,13559230.0
412,1873,13414038.0
413,1874,12221456.0
414,1875,12040201.0
415,1876,12427385.0
416,1877,11344569.0
417,1878,11493827.0
418,1879,12870563.0
419,1880,11495282.0
420,1881,11428808.0
421,1882,12797078.0
422,1883,12849845.0
423,1884,13237555.0
424,1885,11368060.0
425,1886,10751416.0
426,1887,10861806.0
427,1888,10746364.0
428,1889,13685848.0
429,1890,12127489.0
430,1891,11559661.0
431,1892,10674693.0
432,1893,10783058.0
433,1894,11360445.0
434,1895,10964845.0
435,1896,12329071.0
436,1897,11844736.0
437,1898,12622968.0
438,1899,11711015.0
439,1900,12721854.0
440,1901,13041413.0
441,1902,12250852.0
442,1903,12353535.0
443,1904,8231695.5
444,1905,7018573.0
445,1906,10307107.0
446,1907,8386618.5
447,1908,12579851.0
448,1909,12403523.0
449,1910,12574945.0
450,1911,10940129.0
451,1912,8866595.0
452,1913,13850871.0
453,1914,12855753.0
454,1915,10050308.0
455,1916,13934630.0
456,1917,11465673.0
457,1918,12339589.0
458,1919,11156776.0
459,1920,11694975.0
460,1921,10247233.0
461,1922,10740531.0
462,1923,9789241.0
463,1924,8014016.0
464,1925,12856663.0
465,1926,10158303.0
466,1927,12046059.0
467,1928,11572113.0
468,1929,11841392.0
469,1930,10059986.0
470,1931,11615374.0
471,1932,13325327.0
472,1933,11051086.0
473,1934,12585221.0
474,1935,12729765.0
475,1936,12626690.0
476,1937,13541988.0
477,1938,12219898.0
478,1939,10938432.0
479,1940,11612784.0
480,1941,13110215.0
481,1942,12961770.0
482,1943,11520308.0
483,1944,13100788.0
484,1945,10646139.0
485,1946,13239762.0
486,1947,10603713.0
487,1948,15676113.0
488,1949,11171167.0
489,1950,11495332.0
490,1951,9451243.0
491,1952,8629262.0
492,1953,10402264.0
493,1954,11906757.0
494,1955,13014759.0
495,1956,12080577.0
496,1957,11523620.0
497,1958,11900885.0
498,1959,12962564.0
499,1960,12268176.0
500,1961,8883296.0
501,1962,11547279.0
502,1963,11432821.0
503,1964,11463595.0
504,1965,10434409.0
505,1966,11428599.0
506,1967,10935684.0
507,1968,6532367.0
508,1969,10043138.0
509,1970,11060977.0
510,1971,11023254.0
511,1972,11375897.0
512,1973,12811864.0
513,1974,12383146.0
514,1975,8474811.0
515,1976,10188185.0
516,1977,10136679.0
517,1978,12060704.0
518,1979,10053622.0
519,1980,12077350.0
520,1981,9151546.0
521,1982,10968391.0
522,1983,11193986.0
523,1984,12302144.0
524,1985,10585853.0
525,1986,10693870.0
526,1987,11413125.0
527,1988,13088179.0
528,1989,12996655.0
529,1990,12680627.0
530,1991,11088281.0
531,1992,11019364.0
532,1993,12834843.0
533,1994,13054532.0
534,1995,12940364.0
535,1996,9645648.0
536,1997,11492392.0
537,1998,9518052.0
538,1999,12808314.0
539,2000,11863505.0
540,2001,7390210.0
541,2002,11351374.0
542,2003,11932962.0
543,2004,12039344.0
544,2005,11397246.0
545,2006,11839719.0
546,2007,10951383.0
547,2008,11114017.0
548,2009,10158041.0
549,2010,13298826.0
550,2011,12264606.0
551,2012,12226994.0
552,2013,12907117.0
553,2014,12399063.0
554,2015,11164495.0
555,2016,12882909.0
556,2017,12870174.0
557,2018,7565621.5
558,2019,12070415.0
559,2020,12260154.0
560,2021,11324898.0
561,2022,12264631.0
562,2023,8285077.0
563,2024,11634758.0
564,2025,10375173.0
565,2026,11488737.0
566,2027,12620400.0
567,2028,12644310.0
568,2029,11767725.0
569,2030,10125286.0
570,2031,10792323.0
571,2032,11031585.0
572,2033,10080587.0
573,2034,11812624.0
574,2035,11798746.0
575,2036,10814890.0
576,2037,10778957.0
577,2038,7081116.0
578,2039,8493534.0
579,2040,11277786.0
580,2041,9748046.0
581,2042,12528612.0
582,2043,11676958.0
583,2044,11342871.0
584,2045,9815335.0
585,2046,11510980.0
586,2047,12804675.0
587,2048,9652559.0
588,2049,11508525.0
589,2050,13244955.0
590,2051,12233969.0
591,2052,12207109.0
592,2053,12144627.0
593,2054,12723863.0
594,2055,10890201.0
595,2056,10176954.0
596,2057,11610375.0
597,2058,12048720.0
598,2059,11111535.0
599,2060,11355433.0
600,2061,11157849.0
601,2062,11968629.0
602,2063,12505696.0
603,2064,10607696.0
604,2065,11767205.0
605,2066,9459423.0
606,2067,11352597.0
607,2068,11469497.0
608,2069,12643955.0
609,2070,12504489.0
610,2071,12227838.0
611,2072,12085592.0
612,2073,11690351.0
613,2074,5394324.5
614,2075,11641676.0
615,2076,12015302.0
616,2077,8911585.0
617,2078,10177265.0
618,2079,12526964.0
619,2080,11967882.0
620,2081,12218218.0
621,2082,11156308.0
622,2083,12181752.0
623,2084,12262391.0
624,2085,11922119.0
625,2086,12438116.0
626,2087,12487589.0
627,2088,12388951.0
628,2089,12173895.0
629,2090,12494863.0
630,2091,13482434.0
631,2092,12183753.0
632,2093,12250895.0
633,2094,11609587.0
634,2095,12778532.0
635,2096,11988807.0
636,2097,12245390.0
637,2098,12501408.0
638,2099,12860447.0
639,2100,11894307.0
640,2101,12800985.0
641,2102,12417976.0
642,2103,12645695.0
643,2104,12205086.0
644,2105,12231450.0
645,2106,12966152.0
646,2107,12286268.0
647,2108,11875202.0
648,2109,12023769.0
649,2110,10056467.0
650,2111,12069782.0
651,2112,11970328.0
652,2113,11930937.0
653,2114,11935611.0
654,2115,11925447.0
655,2116,11781857.0
656,2117,11412184.0
657,2118,12158693.0
658,2119,11625301.0
659,2120,12598399.0
660,2121,11543449.0
661,2122,12590493.0
662,2123,12254346.0
663,2124,10456808.0
664,2125,11746111.0
665,2126,12125608.0
666,2127,10903115.0
667,2128,12165417.0
668,2129,12156913.0
669,2130,12986778.0
670,2131,14370025.0
671,2132,12582933.0
672,2133,11813464.0
673,2134,12370297.0
674,2135,12562092.0
675,2136,12965113.0
676,2137,12167760.0
677,2138,12211736.0
678,2139,12457056.0
679,2140,11564125.0
680,2141,12056288.0
681,2142,11382895.0
682,2143,6911236.0
683,2144,12001169.0
684,2145,12137600.0
685,2146,12337151.0
686,2147,10690654.0
687,2148,12472695.0
688,2149,12392584.0
689,2150,12620620.0
690,2151,12576080.0
691,2152,12201580.0
692,2153,11277403.0
693,2154,12295845.0
694,2155,12553421.0
695,2156,12476018.0
696,2157,10542410.0
697,2158,13313829.0
698,2159,12642875.0
699,2160,13541134.0
700,2161,11174952.0
701,2162,8850002.0
702,2163,10288459.0
703,2164,10983876.0
704,2165,7742525.0
705,2166,12225188.0
706,2167,10930094.0
707,2168,12973675.0
708,2169,12715776.0
709,2170,8684046.0
710,2171,11794201.0
711,2172,11690519.0
712,2173,8875185.0
713,2174,12043613.0
714,2175,11535479.0
715,2176,10794258.0
716,2177,13017058.0
717,2178,12907880.0
718,2179,11511040.0
719,2180,9923363.0
720,2181,11717967.0
721,2182,11293749.0
722,2183,11955283.0
723,2184,12043415.0
724,2185,12077482.0
725,2186,11282992.0
726,2187,11528161.0
727,2188,12847491.0
728,2189,13135497.0
729,2190,11922813.0
730,2191,11894348.0
731,2192,12229539.0
732,2193,13338358.0
733,2194,12434822.0
734,2195,8889581.0
735,2196,11976337.0
736,2197,11793258.0
737,2198,10861810.0
738,2199,8745167.0
739,2200,12819550.0
740,2201,13159346.0
741,2202,12438574.0
742,2203,12873065.0
743,2204,12234036.0
744,2205,12523241.0
745,2206,11576234.0
746,2207,12646574.0
747,2208,12630025.0
748,2209,12414830.0
749,2210,12474127.0
750,2211,11624262.0
751,2212,12324239.0
752,2213,12570309.0
753,2214,12145944.0
754,2215,12090746.0
755,2216,11918167.0
756,2217,13348139.0
757,2218,12192149.0
758,2219,12283342.0
759,2220,13139894.0
760,2221,10022427.0
761,2222,10046638.0
762,2223,10690276.0
763,2224,13252965.0
764,2225,13237449.0
765,2226,11007551.0
766,2227,10056565.0
767,2228,10941816.0
768,2229,13218511.0
769,2230,13421531.0
770,2231,13391529.0
771,2232,11784583.0
772,2233,11850260.0
773,2234,11182274.0
774,2235,10878295.0
775,2236,11267171.0
776,2237,9128156.0
777,2238,11040315.0
778,2239,12315067.0
779,2240,10886396.0
780,2241,10832850.0
781,2242,11549057.0
782,2243,12030827.0
783,2244,12365625.0
784,2245,12364592.0
785,2246,12283375.0
786,2247,12329740.0
787,2248,12138988.0
788,2249,12047348.0
789,2250,12662680.0
790,2251,17547222.0
791,2252,10592363.0
792,2253,13135993.0
793,2254,12998349.0
794,2255,12547252.0
795,2256,13017450.0
796,2257,12974840.0
797,2258,12020739.0
798,2259,12762081.0
799,2260,12659250.0
800,2261,11622421.0
801,2262,11212488.0
802,2263,12613890.0
803,2264,13203108.0
804,2265,15348972.0
805,2266,10839415.0
806,2267,8374043.0
807,2268,10517133.0
808,2269,12045734.0
809,2270,12637052.0
810,2271,11129420.0
811,2272,11363690.0
812,2273,11922976.0
813,2274,11065396.0
814,2275,11178018.0
815,2276,8110597.0
816,2277,11346099.0
817,2278,11580187.0
818,2279,8757666.0
819,2280,13190316.0
820,2281,11431103.0
821,2282,11834346.0
822,2283,11120712.0
823,2284,11734211.0
824,2285,11282649.0
825,2286,11696390.0
826,2287,10338300.0
827,2288,11010443.0
828,2289,10907107.0
829,2290,10449121.0
830,2291,13007398.0
831,2292,10199052.0
832,2293,9032524.0
833,2294,11600765.0
834,2295,8526421.0
835,2296,12823791.0
836,2297,12636504.0
837,2298,10560976.0
838,2299,11281485.0
839,2300,12332486.0
840,2301,12659797.0
841,2302,10705091.0
842,2303,10820884.0
843,2304,12484842.0
844,2305,10735829.0
845,2306,10675788.0
846,2307,10778860.0
847,2308,10912411.0
848,2309,10275095.0
849,2310,11278791.0
850,2311,10336292.0
851,2312,13665458.0
852,2313,13303834.0
853,2314,13794782.0
854,2315,13181909.0
855,2316,13475331.0
856,2317,10026835.0
857,2318,13069589.0
858,2319,13029476.0
859,2320,11879619.0
860,2321,10535030.0
861,2322,11377754.0
862,2323,12876398.0
863,2324,13398672.0
864,2325,11843253.0
865,2326,13294952.0
866,2327,13026366.0
867,2328,12973116.0
868,2329,12747728.0
869,2330,12902804.0
870,2331,10387954.0
871,2332,11104606.0
872,2333,12261344.0
873,2334,12441692.0
874,2335,12255727.0
875,2336,10840145.0
876,2337,11990710.0
877,2338,11153445.0
878,2339,11207220.0
879,2340,9031329.0
880,2341,11541006.0
881,2342,10995465.0
882,2343,10969201.0
883,2344,13044464.0
884,2345,12238174.0
885,2346,11884378.0
886,2347,11933819.0
887,2348,12913726.0
888,2349,13462219.0
889,2350,12921346.0
890,2351,11750471.0
891,2352,11036618.0
892,2353,12198781.0
893,2354,12094856.0
894,2355,12031910.0
895,2356,12074260.0
896,2357,11103590.0
897,2358,13099208.0
898,2359,13220073.0
899,2360,10169216.0
900,2361,11794514.0
901,2362,12867513.0
902,2363,12039035.0
903,2364,12263534.0
904,2365,11135665.0
905,2366,11604061.0
906,2367,10955319.0
907,2368,11053524.0
908,2369,11017922.0
909,2370,11438146.0
910,2371,11789692.0
911,2372,11700751.0
912,2373,12375132.0
913,2374,12341418.0
914,2375,6225834.5
915,2376,8657755.0
916,2377,6413046.0
917,2378,12315441.0
918,2379,10606621.0
919,2380,11881859.0
920,2381,11436068.0
921,2382,11664493.0
922,2383,11299421.0
923,2384,12186302.0
924,2385,11700996.0
925,2386,10234260.0
926,2387,11641250.0
927,2388,12398881.0
928,2389,10674456.0
929,2390,11587303.0
930,2391,11843442.0
931,2392,12346158.0
932,2393,11251600.0
933,2394,11900825.0
934,2395,12254964.0
935,2396,8479100.0
936,2397,11931511.0
937,2398,11237640.0
938,2399,12111663.0
939,2400,10505943.0
940,2401,9773634.0
941,2402,11549347.0
942,2403,11469740.0
943,2404,11716542.0
944,2405,11140035.0
945,2406,11975827.0
946,2407,11531644.0
947,2408,11998325.0
948,2409,11869222.0
949,2410,9616003.0
950,2411,12251687.0
951,2412,11743126.0
952,2413,11923852.0
953,2414,12144769.0
954,2415,10756304.0
955,2416,12332703.0
956,2417,6895967.5
957,2418,8413571.0
958,2419,12127530.0
959,2420,11990815.0
960,2421,9618057.0
961,2422,12607315.0
962,2423,12803098.0
963,2424,14273082.0
964,2425,14118092.0
965,2426,11912040.0
966,2427,12949005.0
967,2428,9152783.0
968,2429,12173924.0
969,2430,11737085.0
970,2431,11570787.0
971,2432,11785440.0
972,2433,11579439.0
973,2434,11503621.0
974,2435,10361011.0
975,2436,12277281.0
976,2437,9702624.0
977,2438,11932519.0
978,2439,11925354.0
979,2440,12086944.0
980,2441,11255528.0
981,2442,11432272.0
982,2443,11212838.0
983,2444,12714066.0
984,2445,9690925.0
985,2446,12189082.0
986,2447,12776228.0
987,2448,11501532.0
988,2449,12362395.0
989,2450,12222055.0
990,2451,12196261.0
991,2452,12608082.0
992,2453,12357289.0
993,2454,12204563.0
994,2455,10691300.0
995,2456,12241190.0
996,2457,12362707.0
997,2458,12639243.0
998,2459,12002199.0
999,2460,12327885.0
1000,2461,12215735.0
1001,2462,11977860.0
1002,2463,11997714.0
1003,2464,12341501.0
1004,2465,12736405.0
1005,2466,12328098.0
1006,2467,12474993.0
1007,2468,11876279.0
1008,2469,11777351.0
1009,2470,11919933.0
1010,2471,10497141.0
1011,2472,12388166.0
1012,2473,11392271.0
1013,2474,13126784.0
1014,2475,12720850.0
1015,2476,12238952.0
1016,2477,12400483.0
1017,2478,11585815.0
1018,2479,11862814.0
1019,2480,8748050.0
1020,2481,7251782.0
1021,2482,12361298.0
1022,2483,10552742.0
1023,2484,8551469.0
1024,2485,9835289.0
1025,2486,9264627.0
1026,2487,11405539.0
1027,2488,12405352.0
1028,2489,11864766.0
1029,2490,7012695.0
1030,2491,12337848.0
1031,2492,6732624.0
1032,2493,12696972.0
1033,2494,12701188.0
1034,2495,12959640.0
1035,2496,9880852.0
1036,2497,12602592.0
1037,2498,11862462.0
1038,2499,12748258.0
1039,2500,7245424.0
1040,2501,11522050.0
1041,2502,12155450.0
1042,2503,12102374.0
1043,2504,14756667.0
1044,2505,12731452.0
1045,2506,10756166.0
1046,2507,10926343.0
1047,2508,10867770.0
1048,2509,11430386.0
1049,2510,11325647.0
1050,2511,11808825.0
1051,2512,13142585.0
1052,2513,10059221.0
1053,2514,7886067.5
1054,2515,12731178.0
1055,2516,13186276.0
1056,2517,12172634.0
1057,2518,12912899.0
1058,2519,12947204.0
1059,2520,12498948.0
1060,2521,13131841.0
1061,2522,12226484.0
1062,2523,12582408.0
1063,2524,11842019.0
1064,2525,12059834.0
1065,2526,12021869.0
1066,2527,10909105.0
1067,2528,10077990.0
1068,2529,12045064.0
1069,2530,12213532.0
1070,2531,11191481.0
1071,2532,12663789.0
1072,2533,12478388.0
1073,2534,7918774.0
1074,2535,11489013.0
1075,2536,12383046.0
1076,2537,12120383.0
1077,2538,13111162.0
1078,2539,11872665.0
1079,2540,11843680.0
1080,2541,13133010.0
1081,2542,13177499.0
1082,2543,11410488.0
1083,2544,7427531.0
1084,2545,12700928.0
1085,2546,11433179.0
1086,2547,11848192.0
1087,2548,13026063.0
1088,2549,12733715.0
1089,2550,-687371.0
1090,2551,11594236.0
1091,2552,7480945.5
1092,2553,11724503.0
1093,2554,11946192.0
1094,2555,11049372.0
1095,2556,12285399.0
1096,2557,12115135.0
1097,2558,10960762.0
1098,2559,11171984.0
1099,2560,12421242.0
1100,2561,12375268.0
1101,2562,12393017.0
1102,2563,12735067.0
1103,2564,12557720.0
1104,2565,12623012.0
1105,2566,11922865.0
1106,2567,12527419.0
1107,2568,6807136.5
1108,2569,12683364.0
1109,2570,12455366.0
1110,2571,12364477.0
1111,2572,11623726.0
1112,2573,10836017.0
1113,2574,11440347.0
1114,2575,12450943.0
1115,2576,12295707.0
1116,2577,12423995.0
1117,2578,11734541.0
1118,2579,13863891.0
1119,2580,12467708.0
1120,2581,11518171.0
1121,2582,11524408.0
1122,2583,9539839.0
1123,2584,11998712.0
1124,2585,11349776.0
1125,2586,11728590.0
1126,2587,11329226.0
1127,2588,9356546.0
1128,2589,11973816.0
1129,2590,9975883.0
1130,2591,8982851.0
1131,2592,11326624.0
1132,2593,11086766.0
1133,2594,11602592.0
1134,2595,11403205.0
1135,2596,8715457.0
1136,2597,11032640.0
1137,2598,12715622.0
1138,2599,11065949.0
1139,2600,15630461.0
1140,2601,7108380.0
1141,2602,12389550.0
1142,2603,12370078.0
1143,2604,11879532.0
1144,2605,12536229.0
1145,2606,11739808.0
1146,2607,12327606.0
1147,2608,13834556.0
1148,2609,12865819.0
1149,2610,12116547.0
1150,2611,12799584.0
1151,2612,11892268.0
1152,2613,12698218.0
1153,2614,12497032.0
1154,2615,8833646.0
1155,2616,11532955.0
1156,2617,10275450.0
1157,2618,12466449.0
1158,2619,10300896.0
1159,2620,12725411.0
1160,2621,13613749.0
1161,2622,13225829.0
1162,2623,12730849.0
1163,2624,11553015.0
1164,2625,11701244.0
1165,2626,11499086.0
1166,2627,11531791.0
1167,2628,11423704.0
1168,2629,11993617.0
1169,2630,12828293.0
1170,2631,10238188.0
1171,2632,12039292.0
1172,2633,10407611.0
1173,2634,10545618.0
1174,2635,11820524.0
1175,2636,12932363.0
1176,2637,11435504.0
1177,2638,12962696.0
1178,2639,12020717.0
1179,2640,11600240.0
1180,2641,8820108.0
1181,2642,11488483.0
1182,2643,11432749.0
1183,2644,11645295.0
1184,2645,11575327.0
1185,2646,11232453.0
1186,2647,11215864.0
1187,2648,10636897.0
1188,2649,10874950.0
1189,2650,8765341.0
1190,2651,12118009.0
1191,2652,11615493.0
1192,2653,11780527.0
1193,2654,11233582.0
1194,2655,9971167.0
1195,2656,12173800.0
1196,2657,10508310.0
1197,2658,12899824.0
1198,2659,13241422.0
1199,2660,11715776.0
1200,2661,10369062.0
1201,2662,9882927.0
1202,2663,11917160.0
1203,2664,10480537.0
1204,2665,9651760.0
1205,2666,9695851.0
1206,2667,13327336.0
1207,2668,13341767.0
1208,2669,12268263.0
1209,2670,12763279.0
1210,2671,13230392.0
1211,2672,11134567.0
1212,2673,10644349.0
1213,2674,10663697.0
1214,2675,11568735.0
1215,2676,13046689.0
1216,2677,12546653.0
1217,2678,13304932.0
1218,2679,11982398.0
1219,2680,11759153.0
1220,2681,9774110.0
1221,2682,11556699.0
1222,2683,3462623.5
1223,2684,10418438.0
1224,2685,5829412.0
1225,2686,12618231.0
1226,2687,11333020.0
1227,2688,11763038.0
1228,2689,11959130.0
1229,2690,11104865.0
1230,2691,12968538.0
1231,2692,12053521.0
1232,2693,11797156.0
1233,2694,12656546.0
1234,2695,12446982.0
1235,2696,12693955.0
1236,2697,12879247.0
1237,2698,9917588.0
1238,2699,11334404.0
1239,2700,11821282.0
1240,2701,13185497.0
1241,2702,12141627.0
1242,2703,12322974.0
1243,2704,11784661.0
1244,2705,12128464.0
1245,2706,10595115.0
1246,2707,12270189.0
1247,2708,12427378.0
1248,2709,12046882.0
1249,2710,12118782.0
1250,2711,8973064.0
1251,2712,10533769.0
1252,2713,11669386.0
1253,2714,13119357.0
1254,2715,11215097.0
1255,2716,13017310.0
1256,2717,13093656.0
1257,2718,11351716.0
1258,2719,12014036.0
1259,2720,10716689.0
1260,2721,12011598.0
1261,2722,8927038.0
1262,2723,11583596.0
1263,2724,12194237.0
1264,2725,12004186.0
1265,2726,9436204.0
1266,2727,9513726.0
1267,2728,7405052.0
1268,2729,13007513.0
1269,2730,11647146.0
1270,2731,12168364.0
1271,2732,12219691.0
1272,2733,11407074.0
1273,2734,11187971.0
1274,2735,11294290.0
1275,2736,12662239.0
1276,2737,12240802.0
1277,2738,11471776.0
1278,2739,12054982.0
1279,2740,11563791.0
1280,2741,11444298.0
1281,2742,10250490.0
1282,2743,9543827.0
1283,2744,11861639.0
1284,2745,11297532.0
1285,2746,12355114.0
1286,2747,10436992.0
1287,2748,11954538.0
1288,2749,12285975.0
1289,2750,7169750.5
1290,2751,12843959.0
1291,2752,12252928.0
1292,2753,11612008.0
1293,2754,13388424.0
1294,2755,12396944.0
1295,2756,12682666.0
1296,2757,12765615.0
1297,2758,12687293.0
1298,2759,12531858.0
1299,2760,12636152.0
1300,2761,11163238.0
1301,2762,11385713.0
1302,2763,10836673.0
1303,2764,11954722.0
1304,2765,12125920.0
1305,2766,12863570.0
1306,2767,12316388.0
1307,2768,11447002.0
1308,2769,11532701.0
1309,2770,11722676.0
1310,2771,12059278.0
1311,2772,11853425.0
1312,2773,12608294.0
1313,2774,11423048.0
1314,2775,11601613.0
1315,2776,12244030.0
1316,2777,12189639.0
1317,2778,12586525.0
1318,2779,12324400.0
1319,2780,11442109.0
1320,2781,11937126.0
1321,2782,12241483.0
1322,2783,12615510.0
1323,2784,11913496.0
1324,2785,12054186.0
1325,2786,12536795.0
1326,2787,12475765.0
1327,2788,11934871.0
1328,2789,11856147.0
1329,2790,12644897.0
1330,2791,7966115.5
1331,2792,11580434.0
1332,2793,12794553.0
1333,2794,12288854.0
1334,2795,12422380.0
1335,2796,12658242.0
1336,2797,14531058.0
1337,2798,12830218.0
1338,2799,12724236.0
1339,2800,12352851.0
1340,2801,11803398.0
1341,2802,12500330.0
1342,2803,11277042.0
1343,2804,12347414.0
1344,2805,12159487.0
1345,2806,11878580.0
1346,2807,9642779.0
1347,2808,11444513.0
1348,2809,11942575.0
1349,2810,11919918.0
1350,2811,5428759.5
1351,2812,11379985.0
1352,2813,11040945.0
1353,2814,10496455.0
1354,2815,13077233.0
1355,2816,7491429.0
1356,2817,8122779.5
1357,2818,11406784.0
1358,2819,12680170.0
1359,2820,11555192.0
1360,2821,12300912.0
1361,2822,13397042.0
1362,2823,12926646.0
1363,2824,5284509.0
1364,2825,11515381.0
1365,2826,11894434.0
1366,2827,12329278.0
1367,2828,12251740.0
1368,2829,6071528.0
1369,2830,12569100.0
1370,2831,11786694.0
1371,2832,11131295.0
1372,2833,10997686.0
1373,2834,13206785.0
1374,2835,11185543.0
1375,2836,11933825.0
1376,2837,11759918.0
1377,2838,12710226.0
1378,2839,13306343.0
1379,2840,11436566.0
1380,2841,12940766.0
1381,2842,13121990.0
1382,2843,12766075.0
1383,2844,9425368.0
1384,2845,12118247.0
1385,2846,12540176.0
1386,2847,12577362.0
1387,2848,11808060.0
1388,2849,13107035.0
1389,2850,12076359.0
1390,2851,14214375.0
1391,2852,12211238.0
1392,2853,13059214.0
1393,2854,11527645.0
1394,2855,11453368.0
1395,2856,13075353.0
1396,2857,13109280.0
1397,2858,11559610.0
1398,2859,10411765.0
1399,2860,11016979.0
1400,2861,12557046.0
1401,2862,12509910.0
1402,2863,10380279.0
1403,2864,13016645.0
1404,2865,11556299.0
1405,2866,12052415.0
1406,2867,12692558.0
1407,2868,12421833.0
1408,2869,12217003.0
1409,2870,11985326.0
1410,2871,13916216.0
1411,2872,12706813.0
1412,2873,12414127.0
1413,2874,12195901.0
1414,2875,12327020.0
1415,2876,12487848.0
1416,2877,12277854.0
1417,2878,12823676.0
1418,2879,12348466.0
1419,2880,12206675.0
1420,2881,13944310.0
1421,2882,12513903.0
1422,2883,11304405.0
1423,2884,12954495.0
1424,2885,12998193.0
1425,2886,11854453.0
1426,2887,11903295.0
1427,2888,12149158.0
1428,2889,12561856.0
1429,2890,12386533.0
1430,2891,11839838.0
1431,2892,13084242.0
1432,2893,12523545.0
1433,2894,12857299.0
1434,2895,9320174.0
1435,2896,9990408.0
1436,2897,12765774.0
1437,2898,11345811.0
1438,2899,11681585.0
1439,2900,11561348.0
1440,2901,15583519.0
1441,2902,10686429.0
1442,2903,10649053.0
1443,2904,10081245.0
1444,2905,14139396.0
1445,2906,10803526.0
1446,2907,12673377.0
1447,2908,12416741.0
1448,2909,11653635.0
1449,2910,11911448.0
1450,2911,12383460.0
1451,2912,9874219.0
1452,2913,12339068.0
1453,2914,12471216.0
1454,2915,12517702.0
1455,2916,12420382.0
1456,2917,12837416.0
1457,2918,11834722.0
1458,2919,12504890.0
